Column1,Column2
Authentic Kraft Cheddar Cheese Powder 1 or 3 Pounds,$13.99 to $29.99
"KRAFT CHEDDAR CHEESE POWDER 1, 2 OR 3 LB ZIP LOCK BAGS FREE SHIPPING",$12.95 to $59.98
NON-GMO Liquid Animal Rennet Cheesemaking 1 oz. Cheese Making,$11.49
"Cheese Grater Vegetable Slicer Stainless Steel 6 Sides 9.5"" By Utopia Kitchen",$9.49
"NEW LISTINGSTAINLESS STEEL ROTARY CHEESE GRATER - NO MORE SHREDDED KNUCKLES! - SHREDDER, SL",$10.99
Liquid Animal Rennet,$7.99 to $33.99
"WHITE CHEDDAR CHEESE POWDER 1, 2 OR 3 LBS FREE SHIPPING",$15.00
"Kraft 15 oz CHEDDAR CHEESE POWDER Dehydrated Yellow Cheez Blend Popcorn, Mac etc",$11.99
STANDARD CHEESE STARTER CULTURE FOR CHEESE MAKING (MESOPHILIC),$8.99
KRAFT 100% Grated Parmesan Cheese 24 oz.,$13.50
NON-GMO Liquid Animal Rennet Cheesemaking 2 oz. Cheese Making,$13.90
10oz Moon Cheese Cheddar Gluten Free and 100% Cheese FREE SHIPPING!,$14.99
BEGA Cheese (1CAN) 200gr / 7.05 oz (Survival & Emergency) REAL Cheddar Cheese,$9.99
Cheesecloth 10—20 Yards 100% Cotton #40 Fine Quality White Cheese Cloth Fabric,$4.59 to $13.91
Cheese Butter Slicer Cutter Board Stainless Steel Wire Cutter Baking Tool Home,$12.33
Whisps Cheese Crisps 100% Cheese Crunchy Assortment | (2.12 ounce) (5 Pack),$20.95
CHEESE SALT 8OZ FOR CHEESEMAKING,$7.99
Liquid Vegetable Rennet,$7.99 to $33.99
Norpro Zinc Alloy Cheese Slicer with Stainless Steel Wire,$12.98
Blackwood Rotary Cheese Grater Brand New,$6.25
"Kraft 2 lb CHEDDAR CHEESE POWDER Dehydrated Yellow Cheez Blend Popcorn, Mac etc",$19.25
Rotary Cheese Grater Mandoline Vegetable Fruit Cutter Slicer Shredder Grinder,$17.92
2 lb Tillamook Cheese Medium Cheddar From Oregon!! Never Frozen!,$24.00
Stainless Steel Hand Crank Manual Rotary Cheese Grater Vegetable Cutter Drum Set,$26.31
Edam Hard Cheese making Mold With Follower Large For 2.2lbs / 1kg,$12.90
10 yd yard fine Gauze Cheesecloth fabric cheese cloth butter muslin #50 grade,$15.95
Kraft Easy Cheese Squeeze American Flavor,$12.95
Westmark Multipurpose Rotary Cheese & Vegetable Grater Cutter Slicer,$14.38
Rotary Cheese Grater--Blackwood,$6.40
Cuajo | Coagulante | Marshall | 10 Tabletas | Make Cheese | Original | US Ship,$10.90
"Kraft 4 lb CHEDDAR CHEESE POWDER Dehydrated Yellow Cheez Blend Popcorn, Mac etc",$29.50
Formaticum 15 Pack CHEESE PAPER with 15 LABELS Wrap/Storage 11 x 14 Inches,$8.95
Junket Rennet Tablets 2 Pack,$10.85
Westmark Multipurpose Heavy Duty Rotary Cheese & Vegetable Grater Cutter Slicer,$23.95
"Debbie Mumm Cheese Spreaders - Set of 4 Snowman, - ""NEW"" original package!",$4.99
"Norpro Heavy Duty Cheese Slicer Aluminum With Stainless Steel Extra Wire 5.25""",$9.89
Organic Liquid Vegetable Rennet Gluten Free Non-GMO Mozzarella Cheese Making,$13.90
RENNET POWDER Home Cheese Making Fresh Farm Cheese Vegetarian UP to 12 Bottles,$3.49 to $21.50
1277 The Pampered Cheff Rotary Cheese Grater (New In Box),$20.00
Rotary Cheese Grater Shredder Stainless Steel Cutter Grinder with 3 Drum Blade,$13.48
MILITARY MRE NEW INDIVUAL MRE MEALS READY TO EAT,$8.75 to $16.50
"Beginners Cheese Making Kit - Make your own Goat, Mozzarella, Ricotta, Mascar...",$15.27
Cuajo | Coagulante | Marshall | 10 Tabletas | Make Cheese | Original | US,$10.49
4-Sided Stainless Steel GRATER Box Cheese Carrot Food Shredder Kitchen Cooking,$7.08
Rennet Liquid Cheese Making Fresh Homemade Vegetable Queso Blanco 30 ml,$4.50 to $16.50
NEW NABISCO EASY CHEESE CHEDDAR CHEESE 8 OZ CAN NO NEED TO REFRIGERATE SNACK BUY,$13.99
Kraft 100% Parmesan Cheese With Flavor Lock Cap 24 Oz X 2 Shakers FREE SHIPPING,$26.99
NON-GMO Liquid Animal Rennet Cheesemaking 2 oz. Cheese Making,$13.59
Stainless Steel Manual Cheese Vegetable Grater Box 4 Sided With Container Box ❤,$7.99
"Microplane Coarse Grater Cheese, Large Stainless Steel Carded",$13.10
Make Cheese at Home w/ RED CHEESE WAX One Pound Of Food Grade Wax For Aging NEW!,$16.45
"Norpro Wood Cheese Egg Fruit Wire Slicer Cutter With Spare Wires 2"" X 7"" New",$17.65
Liquid Vegetable Rennet Cheesemaking 2 oz. Cheese Making NON-GMO Gluten Free,$11.98
New England CheeseMaking Supplies - Organic Liquid Vegetable Rennet,$21.95
"Norpro 4-Sided Stainless Steel Box Cheese Carrot Food Grater Shredder 8.25""/21cm",$9.20
Junket Rennet 8 Tablets,$6.95
Adjustable Silver Cheese Slicer Cutter Butter Planer Grater With Wire Zinc Alloy,$7.69
"Norpro 354 Stainless Steel Course Flat Grater, Cheese Vegetable Carrot Shredding",$15.03
"Vegetable Chopper,Pro Onion Chopper Slicer Dicer Cutter - Cheese & Veggie Choppe",$24.95
Menonita Cheese Wheel,$16.99
Westmark Germany Multipurpose Stainless Steel Cheese and Food Slicer Board,$26.95
"Fox Run 8.75"" Stainless Steel Cheese Plane - Slicer Slicing Cutter Knife",$7.99
Germany Westmark Heavy Duty Cheese Slicer Coated Aluminum Stainless Steel Blades,$12.85
"Just The Cheese Bars, Crunchy Baked Low Carb Snack Bars Pack of 12",$21.00
DI ORO Cheese Grater - Stainless Steel Handheld Kitchen Tool - Grate with Ease,$12.97
LOYALMASTER Rotary Grater Cheese Shredder - Round Drum Vegetable Slicer Cutter,$22.83
Stainless Steel Rotary Cheese Grater Hand Crank Vegetable Food Chopper Shredder,$17.39
Menonita Cheese Wheel,$16.99
"Norpro 11"" Lettuce Knife - Use On Cabbage Cheese Bagels Tomatoes Bakeware & More",$6.29 to $14.99
"Cuajo Coagulante, Marshall, 5 Tabletas, Make Cheese, Original, From US",$6.99
Microplane 40209 Classic Short Ribbon Cheese and Vegetable Grater - Turquoise,$12.99
Stainless Steel Cheese Grinder Hand-Crank Rotary Blades Grater Kitchen Tools,$10.35
Microplane Classic Fine Kitchen Cheese/Vegetable Zester/Grater Stainless Steel,$6.99
Norpro Heavy Duty Adjustable Cheese Slicer perfect for parties includes s/s wire,$12.39
SET OF 12 SPARE WIRES FOR THE HANDEE CHEESE CUTTER,$11.99 to $13.99
Professional cheese molds to make all types of soft cheeses | Set include 9 pcs.,$18.26
Kraft Velveeta Cheese Original 16 oz,$13.85
"8.26"" Stainless Steel Cheese Plane Slicer Slicing Cutter Knife Kitchen Tool US",$5.82
"Natural Unbleached Cheesecloth Canning Straining Cheese Cloth Cotton, New",$6.95
50ml BioKom® TRADITIONAL NATURAL Liquid Animal Calf Cheese Making Rennet FETA,$9.99
Microplane Premium Classic Ribbon Cheese Grater - Yellow,$8.99
Cheese Stainless Steel Grater Hand Crank Rotary Blades Grater Kitchen Tools PP,$10.59
KitchenAid Cheese Slicer Black,$10.99
Farmer's Cheese around; 3 lb loaf !! US SELLER!!,$20.00 to $40.00
Hard Cheese Maker Press Mold 1 kg | Rennet Goat Cow Milk | Edam Gouda Cheddar,$12.90
Organic Cotton Nut Milk Bag Reusable Food Strainer Brew Coffee Cheese Cloth FDA,$7.73
"Fox Run 3.5"" Adjustable Cheese Slicer Stainless Steel Cutter w/ Extra Wire",$8.99
Nylabone Dura Chew Cheese Bone Free Shipping,$6.79 to $15.95
"CHEESE CULTURE, THERMOPHILIC TYPE C - FOR SWISS CHEESES",$14.99
Electric Meat Slicer Deli Bread Food Cheese Kitchen Commercial Cutter Machine,$41.59
"Kraft Old English Cheese Spread, 5 oz, lot of 3",$20.00
"Cheese-Grater-Vegetable-Slicer Stainless Steel - 6-sides, 9.5 Inch Height, Rubbe",$8.95
Hard Cheese Home Making Wood Press with Large Plastic Mold + Follower,$22.49
2 PK Kraft 100% Grated Parmesan Cheese Shaker 24 oz - Free Shipping,$24.47
NEW Stainless Steel Portable Multi-function Kitchen Cheese Four-Side Box Grater,$6.99
"MONSTERA~ SWISS CHEESE PLANT~1 PLANT 3 leaves per 4"" POT",$3.99
KRAFT Pasturized canned cheddar cheese-200grams- The Famous Blue container,$5.69
1pc Stainless Steel Cheese Wire Slicer Cheese Butter Cutter Cheese Cake SLNIUS,$4.74
New England Cheesemaking Supply Calcium Chloride 2 oz. Cheese Making,$11.48
KRAFT 100 % GRATED PARMESAN CHEESE 2 PACKS - EACH 24 OZ FREE EXPEDITED SHIPPING,$27.78
