Actions,WIID,Description,Type,Status,Date
,492675,Calculate Client Security Hash,WI5,Open,2017-03-22
,119745,Calculate Client Security Hash,WI5,Open,2017-04-21
,357125,Calculate Client Security Hash,WI5,Open,2018-04-12
,261555,Calculate Client Security Hash,WI5,Open,2017-03-11
,928635,Calculate Client Security Hash,WI5,Open,2018-09-26
,255625,Calculate Client Security Hash,WI5,Open,2018-06-20
,846795,Calculate Client Security Hash,WI5,Open,2017-01-23
,297545,Calculate Client Security Hash,WI5,Open,2017-08-27
,727815,Calculate Client Security Hash,WI5,Open,2018-10-03
,803115,Calculate Client Security Hash,WI5,Open,2018-04-25
,993265,Calculate Client Security Hash,WI5,Open,2019-01-27
,441125,Calculate Client Security Hash,WI5,Open,2019-09-15
,465275,Calculate Client Security Hash,WI5,Open,2017-03-14
,330065,Calculate Client Security Hash,WI5,Open,2019-08-18
,154075,Calculate Client Security Hash,WI5,Open,2019-08-03
